codigo;nome
53014014;ASSOCIAÇÃO DAS PIONEIRAS SOCIAIS (APS)
31102000;ASSOCIAÇÃO FÓRUM NACIONAL DE GESTORES DE INOVAÇÃO E TRANSFERÊNCIA DE TECNOLOGIA (FORTEC)
25017012;ASSOCIAÇÃO INSTITUTO DE TECNOLOGIA DE PERNAMBUCO (ITEP)
31008011;ASSOCIAÇÃO INSTITUTO NACIONAL DE MATEMÁTICA PURA E APLICADA (IMPA)
15024016;Associação Instituto Tecnológico Vale – Desenvolvimento Sustentável (ITV DS)
31130003;ASSOCIAÇÃO INSTITUTO TECNOLÓGICO VALE - MINERAÇÃO (ITV MI)
53045009;Associação Nacional dos Dirigentes das Instituições Federais de Ensino Superior (ANDIFES)
33278016;Associação Paradigma Centro de Ciências e Tecnologia do Comportamento. (PARADIGMA)
31065015;CENTRO BRASILEIRO DE ESTUDOS LATINO-AMERICANOS (CEBELA)
31009018;CENTRO BRASILEIRO DE PESQUISAS FÍSICAS (CBPF)
32069014;CENTRO DE DESENVOLVIMENTO DA TECNOLOGIA NUCLEAR (CDTN)
32032013;CENTRO DE ENSINO SUPERIOR DE JUIZ DE FORA (CES/JF)
25019015;CENTRO DE ESTUDOS E SISTEMAS AVANÇADOS DO RECIFE (PE) (CESAR)
26006014;CENTRO DE ESTUDOS SUPERIORES DE MACEIÓ (CESMAC)
53037014;CENTRO DE FORMAÇÃO TREINAMENTO E APERFEIÇOAMENTO (CEFOR)
11007001;Centro de Pesquisa Agroflorestal de Rondônia (CPAFRO / RO)
43043003;CENTRO DE PESQUISA EM SAÚDE ANIMAL (IPVDF)
33119015;CENTRO DE PESQUISAS ODONTOLOGICAS SAO LEOPOLDO MANDIC (SLMANDIC)
33126011;CENTRO ESTADUAL DE EDUCAÇÃO TECNOLÓGICA PAULA SOUZA (CEETEPS)
31022014;CENTRO FEDERAL DE EDUCAÇÃO TECN. CELSO SUCKOW DA FONSECA (CEFET/RJ)
32020015;CENTRO FEDERAL DE EDUCAÇÃO TECN. DE MINAS GERAIS (CEFET/MG)
35141000;Centro Nacional de Monitoramento e Alertas de Desastres Naturais (CEMADEN)
33125015;CENTRO UNIVERSITÁRIO ADVENTISTA DE SÃO PAULO (UNASP)
52016013;CENTRO UNIVERSITÁRIO ALVES FARIA (UNIALFA)
33121010;CENTRO UNIVERSITÁRIO ASSUNCÃO (UNIFAI)
31063012;CENTRO UNIVERSITÁRIO AUGUSTO MOTTA (UNISUAM)
40036014;Centro Universitário Autônomo do Brasil (UNIBRASIL)
33248010;CENTRO UNIVERSITARIO BELAS ARTES DE SAO PAULO (FEBASP)
33149011;CENTRO UNIVERSITÁRIO CAMPO LIMPO PAULISTA (UNIFACCAMP)
40035018;CENTRO UNIVERSITÁRIO CAMPOS DE ANDRADE (UNIANDRADE)
31092012;CENTRO UNIVERSITÁRIO CARIOCA (UNICARIOCA)
23009004;CENTRO UNIVERSITÁRIO CHRISTUS (UNICHRISTUS)
40029018;CENTRO UNIVERSITÁRIO CURITIBA (UNICURITIBA)
33027013;CENTRO UNIVERSITARIO DA FEI (FEI)
33114013;CENTRO UNIVERSITÁRIO DA FUNDAÇÃO HERMINIO OMETTO (FHO)
33153019;CENTRO UNIVERSITÁRIO DAS FACULDADES ASSOCIADAS DE ENSINO – FAE (UNIFAE-SP)
33142017;CENTRO UNIVERSITÁRIO DAS FACULDADES METROPOLITANAS UNIDAS (FMU)
52006018;CENTRO UNIVERSITÁRIO DE ANÁPOLIS (UNIEVANGELICA)
33105014;Centro Universitário de Bauru (ITE)
32078013;CENTRO UNIVERSITÁRIO DE BELO HORIZONTE (UNI-BH)
53005015;CENTRO UNIVERSITÁRIO DE BRASÍLIA (UniCEUB)
32077017;CENTRO UNIVERSITÁRIO DE CARATINGA (UNEC)
33099014;CENTRO UNIVERSITÁRIO DE FRANCA (Uni-FACEF)
24003018;CENTRO UNIVERSITÁRIO DE JOÃO PESSOA (UNIPÊ)
40030016;Centro Universitário de Maringá (UNICESUMAR)
50014013;CENTRO UNIVERSITÁRIO DE VÁRZEA GRANDE (UNIVAG)
31067018;CENTRO UNIVERSITÁRIO DE VOLTA REDONDA (UniFOA)
53032012;CENTRO UNIVERSITÁRIO DO DISTRITO FEDERAL (UDF)
15013014;CENTRO UNIVERSITÁRIO DO ESTADO DO PARÁ (CESUPA)
53023013;CENTRO UNIVERSITÁRIO DO INSTITUTO DE EDUCAÇÃO SUPERIOR DE BRASÍLIA (IESB)
33069018;CENTRO UNIVERSITÁRIO DO INSTITUTO MAUÁ DE TECNOLOGIA (CEUN-IMT)
32071035;CENTRO UNIVERSITARIO DO LESTE DE MINAS GERAIS (UNILESTE)
32071019;CENTRO UNIVERSITARIO DO LESTE DE MINAS GERAIS (UNILESTEMG)
32115016;CENTRO UNIVERSITÁRIO DO SUL DE MINAS (UNIS-MG)
32028016;CENTRO UNIVERSITÁRIO DO TRIÂNGULO (UNITRI)
26013002;CENTRO UNIVERSITÁRIO DOS GUARARAPES (FG)
22016015;CENTRO UNIVERSITÁRIO DR. LEÃO SAMPAIO (UNILEÃO)
31088015;CENTRO UNIVERSITÁRIO ESTADUAL DA ZONA OESTE (UEZO)
33111014;CENTRO UNIVERSITÁRIO EURÍPEDES DE MARÍLIA (UNIVEM)
53017013;CENTRO UNIVERSITÁRIO EURO-AMERICANO (UNIEURO)
41025016;CENTRO UNIVERSITÁRIO FACVEST (FACVEST)
25018019;CENTRO UNIVERSITÁRIO FBV WYDEN (UNIFBV-WYDEN)
33096015;CENTRO UNIVERSITÁRIO FECAP (UniFECAP)
29010004;CENTRO UNIVERSITÁRIO FG (UNIFG)
33079013;CENTRO UNIVERSITÁRIO FIEO (UNIFIEO)
40038017;CENTRO UNIVERSITÁRIO INGÁ (UNINGÁ)
22021019;CENTRO UNIVERSITÁRIO INTA (UNINTA)
40051013;Centro Universitário Internacional (UNINTER)
33077010;CENTRO UNIVERSITÁRIO LUSÍADA (UNILUS)
42042011;CENTRO UNIVERSITÁRIO METODISTA IPA (IPA)
33053014;CENTRO UNIVERSITÁRIO MOURA LACERDA (CUML)
32116012;CENTRO UNIVERSITÁRIO NEWTON PAIVA (NEWTON PAI)
31059015;CENTRO UNIVERSITARIO PLINIO LEITE (UNIPLI)
42043018;CENTRO UNIVERSITÁRIO RITTER DOS REIS (UNIRITTER)
33131015;CENTRO UNIVERSITÁRIO SALESIANO DE SÃO PAULO (UNISAL)
33028010;CENTRO UNIVERSITÁRIO SÃO CAMILO (CUSC)
33112010;CENTRO UNIVERSITÁRIO SAÚDE ABC (FMABC)
33127018;CENTRO UNIVERSITÁRIO SENAC (SENACSP)
28023013;CENTRO UNIVERSITÁRIO SENAI CIMATEC (SENAI-CIMATEC)
41017013;CENTRO UNIVERSITÁRIO SOCIESC (UNISOCIESC)
33245010;CENTRO UNIVERSITÁRIO TERESA D´ÁVILA (UNIFATEA)
27011003;CENTRO UNIVERSITÁRIO TIRADENTES (UNIT/Alagoas)
33137013;CENTRO UNIVERSITÁRIO TOLEDO (UNITOLEDO)
32037015;CENTRO UNIVERSITARIO UNA (UNA)
32076010;CENTRO UNIVERSITÁRIO UNIHORIZONTES (UNIHORIZONTES)
22012010;CENTRO UNIVERSITÁRIO 7 DE SETEMBRO (UNI7)
13012002;CESAR CENTRO DE ESTUDOS E SISTEMAS AVANCADOS DO RECIFE (AM) (CESAR-AM)
31016014;CONSERVATÓRIO BRASILEIRO DE MÚSICA (CBM-UNICBE)
33115010;COORDENADORIA CONTROLE DE DOENÇAS DA SEC EST DA SAÚDE DE SP (CCD/SES)
33115028;COORDENADORIA DE RECURSOS HUMANOS DA SEC EST DA SAÚDE DE SP (CRH/SES-SP)
13011006;EMBRAPA - AMAZÔNIA OCIDENTAL (EMBRAPA-CPAA)
31052029;EMBRAPA - CENTRO DE PESQUISA AGROFLORESTAL DE RORAIMA (EMBRAPA-CPAF/RR)
12015008;EMBRAPA - CENTRO DE PESQUISA AGROFLORESTAL DO ACRE - CPAFAC (EMBRAPA-CPAFAC)
25058002;EMBRAPA - CENTRO NACIONAL DE PESQUISA DO ALGODÃO (EMBRAPA-CNPA)
15028003;EMBRAPA AMAZÔNIA ORIENTAL (EMBRAPA-CPATU)
53048008;Embrapa Recursos Genéticos e Biotecnologia (CENARGEN)
16015002;EMBRAPA-AMAPÁ - Centro de Pesquisa Agroflorestal do Amapá (EMBRAPA-CPAFAP)
23016000;EMPRESA BRASILEIRA DE PESQUISA AGROPECUARIA (EMBRAPA-CNPAT)
31052010;EMPRESA BRASILEIRA DE PESQUISA AGROPECUÁRIA-MATRIZ (EMBRAPA-MATRIZ)
28008014;ESCOLA BAHIANA DE MEDICINA E SAÚDE PÚBLICA (EBMSP)
33138010;ESCOLA DE ADMINISTRAÇÃO DE EMPRESAS DE SÃO PAULO (EAESP/FGV)
31098010;ESCOLA DE COMANDO E ESTADO-MAIOR DO EXÉRCITO (ECEME)
33145016;ESCOLA DE DIREITO DE SÃO PAULO (FGV - DIREITO SP)
35133007;ESCOLA DE DIREITO DO BRASIL (EDIRB)
33128014;ESCOLA DE ECONOMIA DE SÃO PAULO (EESP/FGV)
33002088;ESCOLA DE ENGENHARIA DE LORENA (USP/EEL)
31070019;ESCOLA DE GUERRA NAVAL (EGN)
31045014;ESCOLA NACIONAL DE CIÊNCIAS ESTATÍSTICAS (ENCE)
35009004;Escola Superior de Artes Célia Helena (ESCH)
30013011;ESCOLA SUPERIOR DE CIÊNCIAS DA SANTA CASA DE MISERICÓRDIA DE VITORIA (EMESCAM)
53029011;ESCOLA SUPERIOR DE CIÊNCIAS DA SAÚDE (FEPECS-ESCS)
33324000;Escola Superior de Guerra (ESG)
33139016;ESCOLA SUPERIOR DE PROPAGANDA E MARKETING (ESPM)
33300003;ESCOLA SUPERIOR DE PROPAGANDA E MARKETING DO RIO DE JANEIRO (ESPM)
42016010;ESCOLA SUPERIOR DE TEOLOGIA (EST)
32083017;ESCOLA SUPERIOR DOM HELDER CÂMARA (ESDHC)
33136017;FACULDADE AUTÔNOMA DE DIREITO (FADISP)
33018014;FACULDADE CÁSPER LÍBERO (FCL)
26017008;FACULDADE DAMAS DA INSTRUÇÃO CRISTÃ (FADIC)
30012015;FACULDADE DE ARACRUZ (FAACZ)
35011009;Faculdade de Ciências das Saúde de Barretos Dr. Paulo Prata (FCSB)
33019010;FACULDADE DE CIÊNCIAS MÉDICAS DA SANTA CASA DE SÃO PAULO (FCMSCSP-TI)
32034016;FACULDADE DE CIÊNCIAS MÉDICAS DE MINAS GERAIS (FCMMG)
43002005;Faculdade de Direito da Fundação Escola Superior do Ministério Público (FMP)
31054013;FACULDADE DE DIREITO DE CAMPOS (FDC)
30010012;FACULDADE DE DIREITO DE VITORIA (FDV)
32079010;FACULDADE DE DIREITO DO SUL DE MINAS (FDSM)
32040016;FACULDADE DE DIREITO MILTON CAMPOS (FDMC)
31034012;FACULDADE DE ECONOMIA E FINANÇAS DO IBMEC (IBMEC)
25046004;Faculdade de Enfermagem Nova Esperança (FACENE)
33030014;FACULDADE DE ENGENHARIA QUÍMICA DE LORENA (FAENQUIL)
32064012;FACULDADE DE ESTUDOS ADMINISTRATIVOS DE MINAS GERAIS (FEAD)
52045005;FACULDADE DE INHUMAS (FACMAIS)
33026017;FACULDADE DE MEDICINA DE JUNDIAÍ (FMJ)
33029016;FACULDADE DE MEDICINA DE MARÍLIA (FAMEMA)
33031010;FACULDADE DE MEDICINA DE SÃO JOSÉ DO RIO PRETO (FAMERP)
33143013;FACULDADE DE SÃO BENTO (FSB)
28024010;FACULDADE DE TECNOLOGIA E CIÊNCIAS DE SALVADOR (FTC-SSA)
32108010;FACULDADE DINÂMICA DO VALE DO PIRANGA (FADIP)
33254010;FACULDADE ESCOLA PAULISTA DE DIREITO (FACEPD)
40009017;FACULDADE EVANGELICA DO PARANA (FEPAR)
33146012;FACULDADE FIA DE ADMINISTRAÇÃO E NEGÓCIOS (FFIA)
33113017;Faculdade FIPECAFI (FIPECAFI)
40079015;FACULDADE GUAIRACÁ (FAG)
40041018;FACULDADE ILAPEO (ILAPEO)
25044010;FACULDADE INTEGRADA DE PERNAMBUCO (FACIPE)
21009015;FACULDADE INTEGRAL DIFERENCIAL (FACID)
33068011;FACULDADE ISRAELITA DE CIÊNCIAS DA SAÚDE ALBERT EINSTEIN (FICSAE)
32029012;FACULDADE JESUÍTA DE FILOSOFIA E TEOLOGIA (FAJE)
28048016;FACULDADE MARIA MILZA (FAMAM)
42051010;FACULDADE MERIDIONAL (IMED)
23022000;FACULDADE PAULO PICANÇO (FACPP)
32065019;FACULDADE PEDRO LEOPOLDO (FPL)
25025015;FACULDADE PERNAMBUCANA DE SAÚDE (FPS)
32146019;FACULDADE PROMOVE DE TECNOLOGIA (FPT)
33062013;FACULDADE SANTA MARCELINA (FASM)
41024010;FACULDADE SATC (FASATC)
30014018;FACULDADE UNIDA DE VITÓRIA (FUV)
30015014;Faculdade Vale do Cricaré (FVC)
40070018;FACULDADES BATISTA DO PARANÁ (FABAPAR)
42057019;FACULDADES INTEGRADAS DE TAQUARA (FACCAT-RS)
31106005;Faculdades Integradas do Sudoeste Mineiro (FESP)
40037010;FACULDADES PEQUENO PRÍNCIPE (FPP)
40026019;FAE - CENTRO UNIVERSITÁRIO (FAE)
31064019;FGV ( ESCOLA DE DIREITO DO RIO DE JANEIRO ) (FGV - DIREITO RIO)
33208018;FIAM-FAAM - CENTRO UNIVERSITÁRIO ( FIAMFAAM)
25007017;FIOCRUZ ( CENTRO DE PESQUISA AGGEU MAGALHÃES ) (FIOCRUZ-NESC/CPqAM)
28025016;FIOCRUZ ( CENTRO DE PESQUISA GONÇALO MONIZ ) (FIOCRUZ-CPqGM)
13009001;FIOCRUZ ( CENTRO DE PESQUISA LEÔNIDAS E MARIA DEANE ) (FIOCRUZ-CPqLMD)
32067011;FIOCRUZ ( CENTRO DE PESQUISAS RENÉ RACHOU ) (FIOCRUZ-CPqRR)
53044002;FIOCRUZ ( ESCOLA DE GOVERNO EM SAÚDE DIRETORIA REGIONAL DE BRASÍLIA ) (FIOCRUZ-EGS Brasília)
11008008;FIOCRUZ ( RONDÔNIA ) (FIOCRUZ-RO)
30007011;FUCAPE FUNDACAO DE PESQUISA E ENSINO (FUCAPE)
21016003;FUCAPE PESQUISA E ENSINO LIMITADA (MA) (FUCAPE-MA)
33302006;FUCAPE PESQUISA E ENSINO LIMITADA (RJ) (FUCAPE-RJ)
33157014;FUND JORGE DUPRAT FIGUEIREDO DE SEGURANÇA E MED DO TRABALHO (FUNDACENTR)
33073015;FUNDAÇÃO ANTONIO PRUDENTE - HOSPITAL A.C.CAMARGO (FAP)
32024010;FUNDAÇÃO CARDIOVASCULAR SÃO FRANCISCO DE ASSIS (FCSFA)
33301000;FUNDACAO CASA DE RUI BARBOSA (FCRB)
31066011;FUNDAÇÃO CESGRANRIO (CESGRANRIO)
13016008;Fundação de Dermatologia Tropical e Venereologia “Alfredo da Matta” (FUAM)
53022017;FUNDAÇÃO DE ENSINO E PESQUISA EM CIÊNCIAS DA SAÚDE (FEPECS)
31105009;FUNDAÇÃO DOM CABRAL (FDC)
33035016;FUNDAÇÃO EDUCACIONAL DE BARRETOS (FEB)
32145012;FUNDACAO EDUCACIONAL MONSENHOR MESSIAS (UNIFEMM)
53013018;FUNDAÇÃO ESCOLA NACIONAL DE ADMINISTRAÇÃO PÚBLICA (ENAP)
32148011;Fundação Ezequiel Dias (FUNED)
53062000;FUNDACAO GETULIO VARGAS ( BRASÍLIA ) (FGV/BSB)
31011012;FUNDAÇÃO GETÚLIO VARGAS ( RJ ) (FGV/RJ)
33014019;FUNDAÇÃO GETÚLIO VARGAS (SP) (FGV/SP)
33088012;FUNDAÇÃO INSTITUTO DE PESQUISAS ECONÔMICAS (FIPE)
32049013;FUNDAÇÃO JOÃO PINHEIRO (ESCOLA DE GOVERNO) (FJP)
25016016;FUNDACAO JOAQUIM NABUCO (FJN)
31010016;FUNDACAO OSWALDO CRUZ (FIOCRUZ) (FIOCRUZ)
31010024;FUNDAÇÃO OSWALDO CRUZ (FIOCRUZ CEARÁ) (FIOCRUZ-CE)
31010032;FUNDACAO OSWALDO CRUZ (FIOCRUZ MATO GROSSO DO SUL) (FIOCRUZ-MS)
33158010;FUNDAÇÃO PIO XII - HOSPITAL DE CÂNCER DE BARRETOS (HCB)
32058012;FUNDAÇÃO SANTA CASA DE MISERICÓRDIA DE BELO HORIZONTE (SCMBH)
15021017;FUNDAÇAO SANTA CASA DE MISERICÓRDIA DO PARÁ (FSCMPA)
42015014;FUNDAÇÃO UNIV. FEDERAL DE CIÊNCIAS DA SAÚDE DE PORTO ALEGRE (UFCSPA)
42009014;Fundação Universidade de Passo Fundo (FUPF)
21002010;FUNDACAO UNIVERSIDADE ESTADUAL DO PIAUI FUESPI (UESPI)
51001012;FUNDAÇÃO UNIVERSIDADE FEDERAL DE MATO GROSSO DO SUL (UFMS)
13001019;FUNDAÇÃO UNIVERSIDADE FEDERAL DE RORAIMA (UFRR)
27001016;FUNDAÇÃO UNIVERSIDADE FEDERAL DE SERGIPE (FUFSE)
42046017;FUNDAÇÃO UNIVERSIDADE FEDERAL DO PAMPA (UNIPAMPA)
42046025;FUNDAÇÃO UNIVERSIDADE FEDERAL DO PAMPA - CAÇAPAVA DO SUL (UNIPAMPA - CA SUL)
21001014;FUNDAÇÃO UNIVERSIDADE FEDERAL DO PIAUÍ (FUFPI)
16003039;FUNDAÇÃO UNIVERSIDADE FEDERAL DO TOCANTINS (UFT-ARAGUAÍNA)
42018013;FUNDAÇÃO UNIVERSITÁRIA DE CARDIOLOGIA (FUC)
42014018;FUNDACAO VALE DO TAQUARI DE EDUCACAO E DESENVOLVIMENTO SOCIAL - FUVATES (UNIVATES)
28011015;FUNDACAO VISCONDE DE CAIRU (FVC)
33150010;FUNDO DE DEFESA DA CITRICULTURA (FUNDECITRUS) (FUNDECITRU)
42023017;HOSPITAL DE CLÍNICAS DE PORTO ALEGRE (HCPA)
33039011;HOSPITAL HELIÓPOLIS (HOSPHEL)
43001009;Hospital Nossa Senhora Conceição (GHC)
51020009;HOSPITAL UNIVERSITÁRIO JÚLIO MÜLLER/EBSERH (HUJM)
33016011;IGESP SAUDE S/C LTDA (IBEPEGE)
33129010;INSPER INSTITUTO DE ENSINO E PESQUISA (INSPER)
32075014;INST. DE PREV. DOS SERVIDORES DO ESTADO DE MINAS GERAIS (IPSEMG)
32043015;INST. FED. EDUC. CIÊNC. E TECNOL. DO NORTE DE MINAS GERAIS (IFNMG)
52005011;INSTIT FEDERAL DE EDUCACÃO CIÊNCIA E TECNOLOGIA DE GOIÁS (IFG)
33081018;INSTITUTO AGRONÔMICO (IAC)
40075010;INSTITUTO AGRONÔMICO DO PARANÁ (IAPAR)
35016000;Instituto Brasileiro de Direito Tributário (IBDT)
35019000;Instituto Brasileiro de Estudos Tributários (IBET)
53019016;INSTITUTO BRASILIENSE DE DIREITO PÚBLICO (IDP)
33045011;INSTITUTO BUTANTAN (IBU)
35161000;Instituto de Aeronáutica e Espaço (IAE)
33038015;INSTITUTO DE ASSIST. MÉDICA AO SERVIDOR PÚBLICO ESTADUAL (IAMSPE)
33339007;Instituto de Biologia do Exército (IBEx)
33120013;INSTITUTO DE BOTANICA (IBT)
31115004;Instituto de Educação Tecnológica (IETEC)
31058019;INSTITUTO DE ENGENHARIA NUCLEAR (IEN)
33280010;INSTITUTO DE ENSINO E PESQUISA ALBERTO SANTOS DUMONT (IEPASD)
32058020;INSTITUTO DE ENSINO E PESQUISA DA SANTA CASA DE BELO HORIZONTE (IEPSC)
21005010;INSTITUTO DE ENSINO SUPERIOR DO PIAUI LTDA (UNINOVAFAPI)
32081014;INSTITUTO DE ENSINO SUPERIOR E PESQUISA (INESP)
33151016;INSTITUTO DE ESTUDOS AVANÇADOS (IEAv)
33305005;Instituto de Estudos do Mar Almirante Paulo Moreira (IEAPM)
25005014;INSTITUTO DE MEDICINA INTEGRAL PROFESSOR FERNANDO FIGUEIRA (IMIP)
33132011;INSTITUTO DE PESCA - APTA - SEC. DE AGR. E ABAST. - SP (IP)
33083010;INSTITUTO DE PESQ.TECNOLÓGICAS DO ESTADO DE SÃO PAULO (IPT)
53012011;INSTITUTO DE PESQUISA ECONÔMICA APLICADA (IPEA)
31057012;INSTITUTO DE PESQUISA JARDIM BOTANICO DO RIO DE JANEIRO (JBRJ)
16014006;Instituto de Pesquisas Científicas e Tecnológicas do Estado do Amapá (IEPA)
33140014;INSTITUTO DE PESQUISAS ECOLÓGICAS (IPÊ)
33104018;INSTITUTO DE PESQUISAS ENERGÉTICAS E NUCLEARES (IPEN)
31056016;INSTITUTO DE RADIOPROTEÇÃO E DOSIMETRIA (IRD)
33299013;INSTITUTO DE TECNOLOGIA DE ALIMENTOS (ITAL)
40033015;INSTITUTO DE TECNOLOGIA PARA O DESENVOLVIMENTO (LACTEC)
33148015;INSTITUTO DE ZOOTECNIA IZ/APTA-SAA/SP (IZ/APTA)
31076017;INSTITUTO DO PATRIMÔNIO HISTÓRICO E ARTÍSTICO NACIONAL (IPHAN)
33335001;INSTITUTO D´OR DE PESQUISA E ENSINO (IDOR)
33281017;INSTITUTO EDUCATIEHOOG DE ENSINO E PESQUISA LTDA (EDUCATIE)
15012018;INSTITUTO EVANDRO CHAGAS (IEC)
32048017;INSTITUTO FED. DE EDUC. CIÊNC. E TECN. DO TRIÂNGULO MINEIRO (IFTM)
42032016;INSTITUTO FED. DE EDUC CIÊNC E TECNOLOGIA FARROUPILHA (IFFarroup)
25009010;INSTITUTO FED. DE EDUC. CIÊNCIA E TECNOLOGIA DE PERNAMBUCO (IFPE)
27005011;INSTITUTO FED. DE EDUCAÇÃO CIÊNCIA E TECNOLOGIA DE SERGIPE (IFS)
31040012;INSTITUTO FED DE EDUCAÇÃO CIÊNCIA E TECNOLOGIA FLUMINENSE (IFF)
26002019;INSTITUTO FEDERAL ALAGOAS (IFAL)
42033012;INSTITUTO FEDERAL DE EDUC. CIÊNC. E TECN. SUL-RIO-GRANDENSE (IFSul)
12003018;INSTITUTO FEDERAL DE EDUC. CIÊNCIA E TECNOLOGIA DO AMAZONAS (IFAM)
40034011;INSTITUTO FEDERAL DE EDUC. CIÊNCIA E TECNOLOGIA DO PARANÁ (IFPR)
24007013;INSTITUTO FEDERAL DE EDUCAÇÃO CIÊNCIA E TECN. DA PARAÍBA (IFPB)
33084017;INSTITUTO FEDERAL DE EDUCAÇÃO CIÊNCIA E TECN. DE SÃO PAULO (IFSP)
29002001;INSTITUTO FEDERAL DE EDUCAÇÃO CIÊNCIA E TECNOLOGIA BAIANO (IFBAIANO)
41012011;Instituto Federal de Educação Ciência e Tecnologia Catarinense (IFC)
28010019;INSTITUTO FEDERAL DE EDUCAÇÃO CIÊNCIA E TECNOLOGIA DA BAHIA (IFBA)
53038010;INSTITUTO FEDERAL DE EDUCAÇÃO CIÊNCIA E TECNOLOGIA DE BRASÍLIA (IFB)
50005014;INSTITUTO FEDERAL DE EDUCAÇÃO CIÊNCIA E TECNOLOGIA DE MATO GROSSO (IFMT)
51006014;INSTITUTO FEDERAL DE EDUCAÇÃO CIÊNCIA E TECNOLOGIA DE MATO GROSSO DO SUL (IFMS)
32045018;INSTITUTO FEDERAL DE EDUCAÇÃO CIÊNCIA E TECNOLOGIA DE MINAS GERAIS (IFMG)
11010002;INSTITUTO FEDERAL DE EDUCAÇÃO CIÊNCIA E TECNOLOGIA DE RONDÔNIA (IFRO)
13002015;INSTITUTO FEDERAL DE EDUCAÇÃO CIÊNCIA E TECNOLOGIA DE RORAIMA (IFRR)
41011015;INSTITUTO FEDERAL DE EDUCAÇÃO CIÊNCIA E TECNOLOGIA DE SANTA CATARINA (IFSC)
11002018;INSTITUTO FEDERAL DE EDUCAÇÃO CIÊNCIA E TECNOLOGIA DO ACRE (IFAC)
14002019;INSTITUTO FEDERAL DE EDUCAÇÃO CIÊNCIA E TECNOLOGIA DO AMAPÁ (IFAP)
22008012;INSTITUTO FEDERAL DE EDUCAÇÃO CIÊNCIA E TECNOLOGIA DO CEARÁ (IFCE)
23018003;Instituto Federal de Educação Ciência e Tecnologia do Ceará - Campus de Sobral (IFCE - Sobral)
30004012;Instituto Federal de Educação Ciência e Tecnologia do Espírito Santo (IFES)
21015007;INSTITUTO FEDERAL DE EDUCAÇÃO CIÊNCIA E TECNOLOGIA DO MARANHÃO (IFMA)
20003013;INSTITUTO FEDERAL DE EDUCAÇÃO CIÊNCIA E TECNOLOGIA DO MARANHÃO - MONTE CASTELO (IFMA - MC)
15008010;INSTITUTO FEDERAL DE EDUCAÇÃO CIÊNCIA E TECNOLOGIA DO PARÁ (IFPA)
21003017;INSTITUTO FEDERAL DE EDUCAÇÃO CIENCIA E TECNOLOGIA DO PIAUÍ (IFPI)
31050018;INSTITUTO FEDERAL DE EDUCACAO CIENCIA E TECNOLOGIA DO RIO DE JANEIRO (IFRJ)
23005017;INSTITUTO FEDERAL DE EDUCAÇÃO CIÊNCIA E TECNOLOGIA DO RIO GRANDE DO NORTE (IFRN)
42044014;INSTITUTO FEDERAL DE EDUCAÇÃO CIÊNCIA E TECNOLOGIA DO RIO GRANDE DO SUL (IFRS)
25014013;INSTITUTO FEDERAL DE EDUCAÇÃO CIÊNCIA E TECNOLOGIA DO SERTÃO PERNAMBUCANO (IF SERTÃO-PE)
32044011;INSTITUTO FEDERAL DE EDUCACAO CIENCIA E TECNOLOGIA DO SUDESTE DE MINAS GERAIS (IFSUDESTEMG)
32082010;INSTITUTO FEDERAL DE EDUCAÇÃO CIÊNCIA E TECNOLOGIA DO SUL DE MINAS GERAIS (IFSULDEMINAS)
16005015;INSTITUTO FEDERAL DE EDUCAÇÃO CIÊNCIA E TECNOLOGIA DO TOCANTINS (IFTO)
52010015;INSTITUTO FEDERAL DE EDUCAÇÃO CIÊNCIA E TECNOLOGIA GOIANO (IFGoiano)
21003025;INSTITUTO FEDERAL DO PIAUI - CAMPUS FLORIANO - POLO PROFMAT (IFPI-FLORIANO)
31007015;INSTITUTO MILITAR DE ENGENHARIA (IME)
31068014;INSTITUTO NACIONAL DA PROPRIEDADE INDUSTRIAL (INPI)
31061010;INSTITUTO NACIONAL DE CÂNCER JOSÉ ALENCAR GOMES DA SILVA (INCA)
31073018;INSTITUTO NACIONAL DE CARDIOLOGIA (INC)
31047017;INSTITUTO NACIONAL DE EDUCAÇÃO DE SURDOS (INES)
31069010;INSTITUTO NACIONAL DE METROLOGIA NORMALIZAÇÃO E QUALIDADE INDUSTRIAL (INMETRO)
12002011;INSTITUTO NACIONAL DE PESQUISAS DA AMAZÔNIA (INPA)
33010013;INSTITUTO NACIONAL DE PESQUISAS ESPACIAIS (INPE)
32057016;INSTITUTO NACIONAL DE TELECOMUNICAÇÕES (INATEL)
31099017;INSTITUTO NACIONAL DE TRAUMATOLOGIA E ORTOPEDIA (INTO)
53016017;INSTITUTO RIO BRANCO (IRBr)
33160015;INSTITUTO SÍRIO-LIBANÊS DE ENSINO E PESQUISA (IEP)
40077012;INSTITUTO SUPERIOR DE ADMINISTRAÇÃO E ECONOMIA DO MERCOSUL (ISAE)
33011010;INSTITUTO TECNOLÓGICO DE AERONÁUTICA (ITA)
31012019;INSTITUTO UNIVERSITÁRIO DE PESQUISA DO RIO DE JANEIRO (IUPERJ)
11009004;LABORATORIO CENTRAL DE SAÚDE PUBLICA DE RONDONIA (LACEN/RO)
31036015;LABORATÓRIO NACIONAL DE COMPUTAÇÃO CIÊNTÍFICA (LNCC)
31055010;MUSEU DE ASTRONOMIA E CIÊNCIAS AFINS (MAST)
15027007;MUSEU PARAENSE EMÍLIO GOELDI (MPEG)
31013015;OBSERVATÓRIO NACIONAL (ON)
33006016;PONTIFÍCIA UNIVERSIDADE CATÓLICA DE CAMPINAS (PUCCAMP)
52002012;PONTIFÍCIA UNIVERSIDADE CATÓLICA DE GOIÁS (PUC-GOIÁS)
32008015;PONTIFÍCIA UNIVERSIDADE CATÓLICA DE MINAS GERAIS (PUC/MG)
33005010;PONTIFÍCIA UNIVERSIDADE CATÓLICA DE SÃO PAULO (PUC/SP)
40003019;PONTIFÍCIA UNIVERSIDADE CATÓLICA DO PARANÁ (PUC/PR)
31005012;PONTIFÍCIA UNIVERSIDADE CATÓLICA DO RIO DE JANEIRO (PUC-RIO)
42005019;PONTIFÍCIA UNIVERSIDADE CATÓLICA DO RIO GRANDE DO SUL (PUC/RS)
43051006;SECRETARIA DO MEIO AMBIENTE E INFRAESTRUTURA (SEMA)
33287015;SOCIEDADE BRASILEIRA DE BIOQUÍMICA E BIOLOGIA MOLECULAR (SBBq)
33283010;SOCIEDADE BRASILEIRA DE FÍSICA (SBF)
33147019;SOCIEDADE BRASILEIRA DE FISIOLOGIA (SBFis)
31024017;SOCIEDADE BRASILEIRA DE INSTRUÇÃO (SBI)
31075010;SOCIEDADE BRASILEIRA DE MATEMÁTICA (SBM)
53008014;UNIÃO PIONEIRA DE INTEGRAÇÃO SOCIAL (UPIS)
42024013;UNIV. REGIONAL DO NOROESTE DO ESTADO DO RIO GRANDE DO SUL (UNIJUÍ)
32017014;UNIVERSIDADE DE ITAÚNA (UI)
42070007;Universidade Alto Vale do Rio do Peixe (UNIARP)
51003015;UNIVERSIDADE ANHANGUERA (UNIDERP)
33107017;UNIVERSIDADE ANHANGUERA DE SÃO PAULO (UNIAN-SP)
33106010;UNIVERSIDADE ANHEMBI MORUMBI (UAM)
33056013;UNIVERSIDADE BRASIL (UNIVBRASIL)
33130019;UNIVERSIDADE BRAZ CUBAS (UBC)
31032010;UNIVERSIDADE CÂNDIDO MENDES (UCAM)
31026010;UNIVERSIDADE CASTELO BRANCO (UCB/RJ)
53003012;Universidade Católica de Brasília (UCB)
42006015;UNIVERSIDADE CATÓLICA DE PELOTAS (UCPEL)
25002015;UNIVERSIDADE CATÓLICA DE PERNAMBUCO (UNICAP)
31019013;UNIVERSIDADE CATOLICA DE PETROPOLIS (UCP/RJ)
33020019;UNIVERSIDADE CATÓLICA DE SANTOS (UNISANTOS)
28003012;UNIVERSIDADE CATÓLICA DO SALVADOR (UCSAL)
51002019;UNIVERSIDADE CATÓLICA DOM BOSCO (UCDB)
20009011;UNIVERSIDADE CEUMA (UNICEUMA)
33052018;UNIVERSIDADE CIDADE DE SÃO PAULO (UNICID)
41016017;UNIVERSIDADE COMUNITÁRIA DA REGIÃO DE CHAPECÓ (UNOCHAPECÓ)
33078017;UNIVERSIDADE CRUZEIRO DO SUL (UNICSUL)
15004015;UNIVERSIDADE DA AMAZÔNIA (UNAMA)
31096018;UNIVERSIDADE DA FORCA AEREA (UNIFA)
22011013;UNIVERSIDADE DA INTEGRAÇÃO INTERNACIONAL DA LUSOFONIA AFRO-BRASILEIRA (UNILAB)
22011021;UNIVERSIDADE DA INTEGRAÇÃO INTERNACIONAL DA LUSOFONIA AFRO-BRASILEIRA - REDENÇÃO (UNILAB - REDENÇÃO)
41004019;UNIVERSIDADE DA REGIÃO DE JOINVILLE (UNIVILLE)
33082014;UNIVERSIDADE DE ARARAQUARA (UNIARA)
53001010;UNIVERSIDADE DE BRASÍLIA (UNB)
42008018;UNIVERSIDADE DE CAXIAS DO SUL (UCS)
42037018;UNIVERSIDADE DE CRUZ ALTA (UNICRUZ)
50008013;UNIVERSIDADE DE CUIABÁ (UNIC)
22002014;UNIVERSIDADE DE FORTALEZA (UNIFOR)
33093016;UNIVERSIDADE DE FRANCA (UNIFRAN)
33034010;UNIVERSIDADE DE MARÍLIA (UNIMAR)
33008019;UNIVERSIDADE DE MOGI DAS CRUZES (UMC)
25004018;UNIVERSIDADE DE PERNAMBUCO (UPE)
33032017;UNIVERSIDADE DE RIBEIRÃO PRETO (UNAERP)
52004015;UNIVERSIDADE DE RIO VERDE (FESURV)
42020018;UNIVERSIDADE DE SANTA CRUZ DO SUL (UNISC)
33076014;UNIVERSIDADE DE SANTO AMARO (UNISA)
33002010;UNIVERSIDADE DE SÃO PAULO (USP)
33002029;UNIVERSIDADE DE SÃO PAULO ( RIBEIRÃO PRETO ) (USP/RP)
33002045;UNIVERSIDADE DE SÃO PAULO ( SÃO CARLOS ) (USP/SC)
33002118;UNIVERSIDADE DE SÃO PAULO USP EACH (USP/EACH)
33065012;UNIVERSIDADE DE SOROCABA (UNISO)
33021015;UNIVERSIDADE DE TAUBATÉ (UNITAU)
32036019;UNIVERSIDADE DE UBERABA (UNIUBE)
31027016;UNIVERSIDADE DE VASSOURAS (USS)
41009010;UNIVERSIDADE DO CONTESTADO (UNC)
28005015;UNIVERSIDADE DO ESTADO DA BAHIA (UNEB)
50002015;UNIVERSIDADE DO ESTADO DE MATO GROSSO (UNEMAT)
32025017;UNIVERSIDADE DO ESTADO DE MINAS GERAIS (UEMG)
41002016;UNIVERSIDADE DO ESTADO DE SANTA CATARINA (UDESC)
14003015;UNIVERSIDADE DO ESTADO DO AMAPÁ (UEAP)
12008010;UNIVERSIDADE DO ESTADO DO AMAZONAS (UEA)
50002031;UNIVERSIDADE DO ESTADO DO MATO GROSSO - CAMPUS BARRA DO BUGRES (UNEMAT- BARRA BUGRES)
50002023;UNIVERSIDADE DO ESTADO DO MATO GROSSO - CAMPUS SINOP (UNEMAT-SINOP)
15006018;UNIVERSIDADE DO ESTADO DO PARÁ (UEPA)
31004016;UNIVERSIDADE DO ESTADO DO RIO DE JANEIRO (UERJ)
23002018;UNIVERSIDADE DO ESTADO DO RIO GRANDE DO NORTE (UERN)
41015010;UNIVERSIDADE DO EXTREMO SUL CATARINENSE (UNESC)
31035019;UNIVERSIDADE DO GRANDE RIO - PROF JOSE DE SOUZA HERDY (UNIGRANRIO)
41007018;Universidade do Oeste de Santa Catarina (UNOESC)
33054010;UNIVERSIDADE DO OESTE PAULISTA (UNOESTE)
41019016;UNIVERSIDADE DO PLANALTO CATARINENSE (UNIPLAC/SC)
33067015;UNIVERSIDADE DO SAGRADO CORAÇÃO (USC)
41008014;UNIVERSIDADE DO SUL DE SANTA CATARINA (UNISUL)
41005015;UNIVERSIDADE DO VALE DO ITAJAÍ (UNIVALI)
33051011;UNIVERSIDADE DO VALE DO PARAÍBA (UNIVAP)
42007011;UNIVERSIDADE DO VALE DO RIO DOS SINOS (UNISINOS)
32073011;UNIVERSIDADE DO VALE DO SAPUCAI (UNIVAS)
31018017;UNIVERSIDADE ESTÁCIO DE SÁ (UNESA)
24004014;UNIVERSIDADE ESTADUAL DA PARAIBA (UEPB)
21018006;UNIVERSIDADE ESTADUAL DA REGIAO TOCANTINA DO MARANHAO (UEMASUL)
26005018;UNIVERSIDADE ESTADUAL DE ALAGOAS (UNEAL)
33003017;UNIVERSIDADE ESTADUAL DE CAMPINAS (UNICAMP)
33003025;UNIVERSIDADE ESTADUAL DE CAMPINAS ( LIMEIRA ) (UNICAMP/LI)
33003033;UNIVERSIDADE ESTADUAL DE CAMPINAS ( PIRACICABA ) (UNICAMP/PI)
26004011;UNIVERSIDADE ESTADUAL DE CIENCIAS DA SAUDE DE ALAGOAS (UNCISAL)
28002016;UNIVERSIDADE ESTADUAL DE FEIRA DE SANTANA (UEFS)
52012018;UNIVERSIDADE ESTADUAL DE GOIÁS (UEG)
40002012;UNIVERSIDADE ESTADUAL DE LONDRINA (UEL)
40004015;UNIVERSIDADE ESTADUAL DE MARINGÁ (UEM)
51004011;UNIVERSIDADE ESTADUAL DE MATO GROSSO DO SUL (UEMS)
51004020;UNIVERSIDADE ESTADUAL DE MATO GROSSO DO SUL "DOURADOS" (UEMS/DOURADOS)
32014015;UNIVERSIDADE ESTADUAL DE MONTES CLAROS (UNIMONTES)
40005011;UNIVERSIDADE ESTADUAL DE PONTA GROSSA (UEPG)
13003011;UNIVERSIDADE ESTADUAL DE RORAIMA (UERR)
28007018;UNIVERSIDADE ESTADUAL DE SANTA CRUZ (UESC)
22003010;UNIVERSIDADE ESTADUAL DO CEARÁ (UECE)
40014010;UNIVERSIDADE ESTADUAL DO CENTRO-OESTE (UNICENTRO)
20002017;UNIVERSIDADE ESTADUAL DO MARANHÃO (UEMA)
40031012;UNIVERSIDADE ESTADUAL DO NORTE DO PARANÁ (UENP)
31033016;UNIVERSIDADE ESTADUAL DO NORTE FLUMINENSE DARCY RIBEIRO (UENF)
40015017;UNIVERSIDADE ESTADUAL DO OESTE DO PARANA (UNIOESTE)
40076016;UNIVERSIDADE ESTADUAL DO PARANÁ - REITORIA (UNESPAR-REITORIA)
42045010;UNIVERSIDADE ESTADUAL DO RIO GRANDE DO SUL (UERGS)
28006011;UNIVERSIDADE ESTADUAL DO SUDOESTE DA BAHIA (UESB)
16001010;UNIVERSIDADE ESTADUAL DO TOCANTINS (UNITINS)
35017007;UNIVERSIDADE ESTADUAL JULIO DE MESQUITA FILHO ( SÃO JOÃO DA BOA VISTA ) (UNESP-SJBV)
33004021;UNIVERSIDADE ESTADUAL PAULISTA JÚLIO DE MESQUITA FILHO ( ARAÇATUBA ) (UNESP-ARAÇ)
33004030;UNIVERSIDADE ESTADUAL PAULISTA JÚLIO DE MESQUITA FILHO ( ARARAQUARA ) (UNESP-ARAR)
33004048;UNIVERSIDADE ESTADUAL PAULISTA JÚLIO DE MESQUITA FILHO ( ASSIS ) (UNESP-ASSIS)
33004056;UNIVERSIDADE ESTADUAL PAULISTA JÚLIO DE MESQUITA FILHO ( BAURU ) (UNESP-BAURU)
33004064;UNIVERSIDADE ESTADUAL PAULISTA JÚLIO DE MESQUITA FILHO ( BOTUCATU ) (UNESP-BOT)
33004072;UNIVERSIDADE ESTADUAL PAULISTA JÚLIO DE MESQUITA FILHO ( FRANCA ) (UNESP-FR)
33004080;UNIVERSIDADE ESTADUAL PAULISTA JÚLIO DE MESQUITA FILHO ( GUARATINGUETÁ ) (UNESP-GUAR)
33004099;UNIVERSIDADE ESTADUAL PAULISTA JÚLIO DE MESQUITA FILHO ( ILHA SOLTEIRA ) (UNESP-IS)
33015015;UNIVERSIDADE ESTADUAL PAULISTA JÚLIO DE MESQUITA FILHO ( INSTITUTO DE FÍSICA TEÓRICA ) (UNESP-IFT)
33004102;UNIVERSIDADE ESTADUAL PAULISTA JÚLIO DE MESQUITA FILHO ( JABOTICABAL ) (UNESP-JAB)
33004110;UNIVERSIDADE ESTADUAL PAULISTA JÚLIO DE MESQUITA FILHO ( MARÍLIA ) (UNESP-MAR)
33004129;UNIVERSIDADE ESTADUAL PAULISTA JÚLIO DE MESQUITA FILHO ( PRESIDENTE PRUDENTE ) (UNESP-PP)
33004137;UNIVERSIDADE ESTADUAL PAULISTA JÚLIO DE MESQUITA FILHO ( RIO CLARO ) (UNESP-RC)
33004153;UNIVERSIDADE ESTADUAL PAULISTA JÚLIO DE MESQUITA FILHO ( SÃO JOSÉ DO RIO PRETO ) (UNESP-SJRP)
33004145;UNIVERSIDADE ESTADUAL PAULISTA JÚLIO DE MESQUITA FILHO ( SÃO JOSÉ DOS CAMPOS ) (UNESP-SJC)
33004161;UNIVERSIDADE ESTADUAL PAULISTA JÚLIO DE MESQUITA FILHO ( SÃO VICENTE ) (UNESP-SV)
33004170;UNIVERSIDADE ESTADUAL PAULISTA JÚLIO DE MESQUITA FILHO ( SOROCABA ) (UNESP-SOR)
33004188;UNIVERSIDADE ESTADUAL PAULISTA JÚLIO DE MESQUITA FILHO ( TUPÃ ) (UNESP-TUPÃ)
33004013;UNIVERSIDADE ESTADUAL PAULISTA JÚLIO DE MESQUITA FILHO (SEDE) (UNESP-REITORIA)
22004017;UNIVERSIDADE ESTADUAL VALE DO ACARAÚ (UVA-CE)
28001010;UNIVERSIDADE FEDERAL DA BAHIA (UFBA)
41020014;UNIVERSIDADE FEDERAL DA FRONTEIRA SUL (UFFS)
51005018;UNIVERSIDADE FEDERAL DA GRANDE DOURADOS (UFGD)
40043010;UNIVERSIDADE FEDERAL DA INTEGRAÇÃO LATINO-AMERICANA (UNILA)
24013013;UNIVERSIDADE FEDERAL DA PARAIBA (UFPB)
24001031;UNIVERSIDADE FEDERAL DA PARAÍBA ( AREIA ) (UFPB/AREIA)
24001015;UNIVERSIDADE FEDERAL DA PARAÍBA ( JOÃO PESSOA ) (UFPB-JP)
24001040;UNIVERSIDADE FEDERAL DA PARAÍBA ( RIO TINTO ) (UFPB-RT)
26001012;UNIVERSIDADE FEDERAL DE ALAGOAS (UFAL)
32011016;UNIVERSIDADE FEDERAL DE ALFENAS (UNIFAL)
24009016;UNIVERSIDADE FEDERAL DE CAMPINA GRANDE (UFCG)
52001016;UNIVERSIDADE FEDERAL DE GOIÁS (UFG)
32003013;UNIVERSIDADE FEDERAL DE ITAJUBÁ (UNIFEI)
32005016;UNIVERSIDADE FEDERAL DE JUIZ DE FORA (UFJF)
31142001;UNIVERSIDADE FEDERAL DE JUIZ DE FORA - GOVERNADOR VALADARES (UFJF-GV)
32004010;UNIVERSIDADE FEDERAL DE LAVRAS (UFLA)
50001019;UNIVERSIDADE FEDERAL DE MATO GROSSO (UFMT)
50001027;UNIVERSIDADE FEDERAL DE MATO GROSSO - CAMPUS ARAGUAIA (UFMT-ARAGUAIA)
50001035;UNIVERSIDADE FEDERAL DE MATO GROSSO - CAMPUS RONDONÓPOLIS (UFMT - RONDONÓPOLIS)
32001010;UNIVERSIDADE FEDERAL DE MINAS GERAIS (UFMG)
32007019;UNIVERSIDADE FEDERAL DE OURO PRETO (UFOP)
42003016;UNIVERSIDADE FEDERAL DE PELOTAS (UFPEL)
25001019;UNIVERSIDADE FEDERAL DE PERNAMBUCO (UFPE)
10001018;UNIVERSIDADE FEDERAL DE RONDÔNIA (UNIR)
41001010;UNIVERSIDADE FEDERAL DE SANTA CATARINA (UFSC)
41001036;UNIVERSIDADE FEDERAL DE SANTA CATARINA - ARARANGUÁ (UFSC - ARARANGUA)
41001028;UNIVERSIDADE FEDERAL DE SANTA CATARINA - BLUMENAU (UFSC - BLUMENAU)
42002010;UNIVERSIDADE FEDERAL DE SANTA MARIA (UFSM)
33001014;UNIVERSIDADE FEDERAL DE SÃO CARLOS (UFSCAR)
32018010;Universidade Federal de São João del-Rei (UFSJ)
33009015;UNIVERSIDADE FEDERAL DE SÃO PAULO (UNIFESP)
33009023;UNIVERSIDADE FEDERAL DE SÃO PAULO - DIADEMA (UNIFESP - DIADEMA)
32006012;UNIVERSIDADE FEDERAL DE UBERLÂNDIA (UFU)
32002017;UNIVERSIDADE FEDERAL DE VIÇOSA (UFV)
33144010;UNIVERSIDADE FEDERAL DO ABC (UFABC)
11001011;UNIVERSIDADE FEDERAL DO ACRE (UFAC)
14001012;UNIVERSIDADE FEDERAL DO AMAPÁ (UNIFAP)
12001015;Universidade Federal do Amazonas (UFAM)
22033017;UNIVERSIDADE FEDERAL DO CARIRI (UFCA)
22001018;UNIVERSIDADE FEDERAL DO CEARÁ (UFC)
30001013;UNIVERSIDADE FEDERAL DO ESPÍRITO SANTO (UFES)
31021018;UNIVERSIDADE FEDERAL DO ESTADO DO RIO DE JANEIRO (UNIRIO)
20001010;UNIVERSIDADE FEDERAL DO MARANHÃO (UFMA)
51001020;UNIVERSIDADE FEDERAL DO MATO GROSSO DO SUL - CAMPUS TRÊS LAGOAS (UFMS-TRÊS LAGOAS)
28049012;UNIVERSIDADE FEDERAL DO OESTE DA BAHIA (UFOB)
15010015;UNIVERSIDADE FEDERAL DO OESTE DO PARÁ (UFOPA)
15001016;UNIVERSIDADE FEDERAL DO PARÁ (UFPA)
15001067;UNIVERSIDADE FEDERAL DO PARÁ - ABAETETUBA (UFPA - ABAETETUBA)
15001040;UNIVERSIDADE FEDERAL DO PARÁ - BRAGANÇA (UFPA - BRAGANÇA)
15001059;UNIVERSIDADE FEDERAL DO PARÁ - CASTANHAL (UFPA - CASTANHAL)
40001016;UNIVERSIDADE FEDERAL DO PARANÁ (UFPR)
28022017;UNIVERSIDADE FEDERAL DO RECÔNCAVO DA BAHIA (UFRB)
31001017;UNIVERSIDADE FEDERAL DO RIO DE JANEIRO (UFRJ)
42004012;UNIVERSIDADE FEDERAL DO RIO GRANDE (FURG)
23001011;UNIVERSIDADE FEDERAL DO RIO GRANDE DO NORTE (UFRN)
42001013;UNIVERSIDADE FEDERAL DO RIO GRANDE DO SUL (UFRGS)
42001021;UNIVERSIDADE FEDERAL DO RIO GRANDE DO SUL - LITORAL (UFRGS-LITORAL)
29007003;UNIVERSIDADE FEDERAL DO SUL DA BAHIA (UFESBA)
15025012;UNIVERSIDADE FEDERAL DO SUL E SUDESTE DO PARÁ (UNIFESSPA)
16003012;UNIVERSIDADE FEDERAL DO TOCANTINS (UFT)
32012012;Universidade Federal do Triângulo Mineiro (UFTM)
25020013;UNIVERSIDADE FEDERAL DO VALE DO SÃO FRANCISCO (UNIVASF)
32010010;UNIVERSIDADE FEDERAL DOS VALES DO JEQUITINHONHA E MUCURI (UFVJM)
31003010;UNIVERSIDADE FEDERAL FLUMINENSE (UFF)
15002012;UNIVERSIDADE FEDERAL RURAL DA AMAZÔNIA (UFRA)
25003011;UNIVERSIDADE FEDERAL RURAL DE PERNAMBUCO (UFRPE)
31002013;UNIVERSIDADE FEDERAL RURAL DO RIO DE JANEIRO (UFRRJ)
33309000;UNIVERSIDADE FEDERAL RURAL DO RIO DE JANEIRO ( NOVA IGUAÇU ) (UFRRJ/NI)
23003014;UNIVERSIDADE FEDERAL RURAL DO SEMI-ÁRIDO (UFERSA)
42041015;UNIVERSIDADE FEEVALE (FEEVALE)
42039010;UNIVERSIDADE FRANCISCANA (UFN)
32053010;UNIVERSIDADE FUMEC (FUMEC)
31006019;UNIVERSIDADE GAMA FILHO (UGF)
33057010;UNIVERSIDADE IBIRAPUERA (UNIB)
31042015;UNIVERSIDADE IGUAÇU (UNIG)
32016018;UNIVERSIDADE JOSÉ DO ROSÁRIO VELLANO (UNIFENAS)
42021014;UNIVERSIDADE LA SALLE (UNILASALLE)
42019010;UNIVERSIDADE LUTERANA DO BRASIL (ULBRA)
33007012;UNIVERSIDADE METODISTA DE PIRACICABA (UNIMEP)
33017018;UNIVERSIDADE METODISTA DE SÃO PAULO (UMESP)
33103011;UNIVERSIDADE METROPOLITANA DE SANTOS (UNIMES)
33110018;UNIVERSIDADE MUNICIPAL DE SÃO CAETANO DO SUL (USCS)
12006017;UNIVERSIDADE NILTON LINS (UNINILTON)
40024016;UNIVERSIDADE NORTE DO PARANÁ (UNOPAR)
33092010;UNIVERSIDADE NOVE DE JULHO (UNINOVE)
40028011;UNIVERSIDADE PARANAENSE (UNIPAR)
33063010;UNIVERSIDADE PAULISTA (UNIP)
40022013;UNIVERSIDADE POSITIVO (UP)
23004010;Universidade Potiguar (UNP)
33024014;UNIVERSIDADE PRESBITERIANA MACKENZIE (UPM)
32080018;UNIVERSIDADE PRESIDENTE ANTONIO CARLOS (UNIPAC)
41006011;UNIVERSIDADE REGIONAL DE BLUMENAU (FURB)
22005013;UNIVERSIDADE REGIONAL DO CARIRI (URCA)
22005021;UNIVERSIDADE REGIONAL DO CARIRI - JUAZEIRO DO NORTE (URCA - JUAZ NORTE)
42010012;UNIVERSIDADE REGIONAL INTEGRADA DO ALTO URUGUAI E DAS MISSÕES (URI)
31025013;UNIVERSIDADE SALGADO DE OLIVEIRA (UNIVERSO)
28013018;UNIVERSIDADE SALVADOR (UNIFACS)
33087016;UNIVERSIDADE SANTA CECÍLIA (UNISANTA)
31017010;UNIVERSIDADE SANTA ÚRSULA (USU)
33050015;UNIVERSIDADE SÃO FRANCISCO (USF)
33072019;UNIVERSIDADE SÃO JUDAS TADEU (USJT)
33049017;UNIVERSIDADE SÃO MARCOS (USM)
40006018;UNIVERSIDADE TECNOLÓGICA FEDERAL DO PARANÁ (UTFPR)
40006050;UNIVERSIDADE TECNOLÓGICA FEDERAL DO PARANÁ (CORNÉLIO PROCÓPIO) (UTFPR-CP)
40006026;UNIVERSIDADE TECNOLÓGICA FEDERAL DO PARANÁ (MEDIANEIRA) (UTFPR-MD)
40006042;UNIVERSIDADE TECNOLÓGICA FEDERAL DO PARANÁ (PATO BRANCO) (UTFPR-PB)
40006034;UNIVERSIDADE TECNOLÓGICA FEDERAL DO PARANÁ (TOLEDO) (UTFPR - TOLEDO)
27002012;UNIVERSIDADE TIRADENTES (UNIT-SE)
40020010;UNIVERSIDADE TUIUTI DO PARANÁ (UTP)
33117012;UNIVERSIDADE UNIVERSUS VERITAS GUARULHOS (UNIVERITAS UNG)
32009011;UNIVERSIDADE VALE DO RIO DOCE (UNIVALE)
32021011;UNIVERSIDADE VALE DO RIO VERDE (UNINCOR)
31030017;UNIVERSIDADE VEIGA DE ALMEIDA (UVA)
30011019;UNIVERSIDADE VILA VELHA (UVV)
33002061;USP ( CENTRO DE ENERGIA NUCLEAR NA AGRICULTURA ) (USP/CENA)
33002037;USP ( ESCOLA SUPERIOR DE AGRICULTURA LUIZ DE QUEIROZ ) (USP/ESALQ)
33002053;USP ( FACULDADE DE ODONTOLOGIA DE BAURU ) (USP/FOB)
